model,ext_nmf_dir,ext_len,rank,ext_pattern_id,ext_type,best_train_pattern_id,max_train_sim,mean_usage_ext,selected_for_mask
PaTH-only,/project/nlp-work5/hongyu-s/transformers/examples/pytorch/language-modeling/runs/PA_baseline_multi_seeds/nmf_logit_motifs/L2048_checkpoint-15900_salient_R16,2048,16,0,D,0,0.6499890411052903,0.004364169715253259,False
PaTH-only,/project/nlp-work5/hongyu-s/transformers/examples/pytorch/language-modeling/runs/PA_baseline_multi_seeds/nmf_logit_motifs/L2048_checkpoint-15900_salient_R16,2048,16,1,D,0,0.7141046287917359,0.004628543767259872,False
PaTH-only,/project/nlp-work5/hongyu-s/transformers/examples/pytorch/language-modeling/runs/PA_baseline_multi_seeds/nmf_logit_motifs/L2048_checkpoint-15900_salient_R16,2048,16,2,D,6,0.5323113041079299,0.004236599701307695,False
PaTH-only,/project/nlp-work5/hongyu-s/transformers/examples/pytorch/language-modeling/runs/PA_baseline_multi_seeds/nmf_logit_motifs/L2048_checkpoint-15900_salient_R16,2048,16,3,V,3,0.4044668298047982,0.0036541413011001783,True
PaTH-only,/project/nlp-work5/hongyu-s/transformers/examples/pytorch/language-modeling/runs/PA_baseline_multi_seeds/nmf_logit_motifs/L2048_checkpoint-15900_salient_R16,2048,16,4,V,1,0.5724598657416013,0.003651557374295464,False
PaTH-only,/project/nlp-work5/hongyu-s/transformers/examples/pytorch/language-modeling/runs/PA_baseline_multi_seeds/nmf_logit_motifs/L2048_checkpoint-15900_salient_R16,2048,16,5,V,1,0.4476943340608515,0.0032184741651534584,True
PaTH-only,/project/nlp-work5/hongyu-s/transformers/examples/pytorch/language-modeling/runs/PA_baseline_multi_seeds/nmf_logit_motifs/L2048_checkpoint-15900_salient_R16,2048,16,6,O,14,0.8478742321313637,0.0035128791099733312,False
PaTH-only,/project/nlp-work5/hongyu-s/transformers/examples/pytorch/language-modeling/runs/PA_baseline_multi_seeds/nmf_logit_motifs/L2048_checkpoint-15900_salient_R16,2048,16,7,V,13,0.36023413243736657,0.0025166365619450678,True
PaTH-only,/project/nlp-work5/hongyu-s/transformers/examples/pytorch/language-modeling/runs/PA_baseline_multi_seeds/nmf_logit_motifs/L2048_checkpoint-15900_salient_R16,2048,16,8,V,1,0.29864720823683083,0.0019768896273159777,True
PaTH-only,/project/nlp-work5/hongyu-s/transformers/examples/pytorch/language-modeling/runs/PA_baseline_multi_seeds/nmf_logit_motifs/L2048_checkpoint-15900_salient_R16,2048,16,9,D,11,0.39058849575649424,0.001651610256814273,True
PaTH-only,/project/nlp-work5/hongyu-s/transformers/examples/pytorch/language-modeling/runs/PA_baseline_multi_seeds/nmf_logit_motifs/L2048_checkpoint-15900_salient_R16,2048,16,10,V,13,0.5813464310784093,0.0026963293210116035,False
PaTH-only,/project/nlp-work5/hongyu-s/transformers/examples/pytorch/language-modeling/runs/PA_baseline_multi_seeds/nmf_logit_motifs/L2048_checkpoint-15900_salient_R16,2048,16,11,O,11,0.5029249985030875,0.0015200806231606852,False
PaTH-only,/project/nlp-work5/hongyu-s/transformers/examples/pytorch/language-modeling/runs/PA_baseline_multi_seeds/nmf_logit_motifs/L2048_checkpoint-15900_salient_R16,2048,16,12,D,9,0.28711717099905193,0.0017820839588419959,True
PaTH-only,/project/nlp-work5/hongyu-s/transformers/examples/pytorch/language-modeling/runs/PA_baseline_multi_seeds/nmf_logit_motifs/L2048_checkpoint-15900_salient_R16,2048,16,13,D,11,0.2887081329543123,0.002300172467720595,True
PaTH-only,/project/nlp-work5/hongyu-s/transformers/examples/pytorch/language-modeling/runs/PA_baseline_multi_seeds/nmf_logit_motifs/L2048_checkpoint-15900_salient_R16,2048,16,14,D,0,0.7007800133182855,0.0028905067012019634,False
PaTH-only,/project/nlp-work5/hongyu-s/transformers/examples/pytorch/language-modeling/runs/PA_baseline_multi_seeds/nmf_logit_motifs/L2048_checkpoint-15900_salient_R16,2048,16,15,O,15,0.40397811132813083,0.0019039877732649933,True
PaTH-only,/project/nlp-work5/hongyu-s/transformers/examples/pytorch/language-modeling/runs/PA_baseline_multi_seeds/nmf_logit_motifs/L4096_checkpoint-15900_salient_R16,4096,16,0,O,14,0.5416468679761767,0.002902236556615492,False
PaTH-only,/project/nlp-work5/hongyu-s/transformers/examples/pytorch/language-modeling/runs/PA_baseline_multi_seeds/nmf_logit_motifs/L4096_checkpoint-15900_salient_R16,4096,16,1,D,0,0.8157943427780087,0.004499416249691532,False
PaTH-only,/project/nlp-work5/hongyu-s/transformers/examples/pytorch/language-modeling/runs/PA_baseline_multi_seeds/nmf_logit_motifs/L4096_checkpoint-15900_salient_R16,4096,16,2,D,10,0.5902501403445641,0.004603885663351011,False
PaTH-only,/project/nlp-work5/hongyu-s/transformers/examples/pytorch/language-modeling/runs/PA_baseline_multi_seeds/nmf_logit_motifs/L4096_checkpoint-15900_salient_R16,4096,16,3,V,1,0.49902605662322197,0.0040358651172025225,False
PaTH-only,/project/nlp-work5/hongyu-s/transformers/examples/pytorch/language-modeling/runs/PA_baseline_multi_seeds/nmf_logit_motifs/L4096_checkpoint-15900_salient_R16,4096,16,4,V,1,0.4359454194020449,0.00406039725519542,True
PaTH-only,/project/nlp-work5/hongyu-s/transformers/examples/pytorch/language-modeling/runs/PA_baseline_multi_seeds/nmf_logit_motifs/L4096_checkpoint-15900_salient_R16,4096,16,5,V,7,0.5403519371677126,0.004037250550517497,False
PaTH-only,/project/nlp-work5/hongyu-s/transformers/examples/pytorch/language-modeling/runs/PA_baseline_multi_seeds/nmf_logit_motifs/L4096_checkpoint-15900_salient_R16,4096,16,6,O,14,0.40049423067360623,0.0029341900953060453,True
PaTH-only,/project/nlp-work5/hongyu-s/transformers/examples/pytorch/language-modeling/runs/PA_baseline_multi_seeds/nmf_logit_motifs/L4096_checkpoint-15900_salient_R16,4096,16,7,O,11,0.3857212552996521,0.0015520837383230911,True
PaTH-only,/project/nlp-work5/hongyu-s/transformers/examples/pytorch/language-modeling/runs/PA_baseline_multi_seeds/nmf_logit_motifs/L4096_checkpoint-15900_salient_R16,4096,16,8,V,1,0.624970267987664,0.0023346276553776356,False
PaTH-only,/project/nlp-work5/hongyu-s/transformers/examples/pytorch/language-modeling/runs/PA_baseline_multi_seeds/nmf_logit_motifs/L4096_checkpoint-15900_salient_R16,4096,16,9,D,15,0.3914012686401292,0.0020047973077406667,True
PaTH-only,/project/nlp-work5/hongyu-s/transformers/examples/pytorch/language-modeling/runs/PA_baseline_multi_seeds/nmf_logit_motifs/L4096_checkpoint-15900_salient_R16,4096,16,10,O,11,0.34837668501013463,0.0020597784774640756,True
PaTH-only,/project/nlp-work5/hongyu-s/transformers/examples/pytorch/language-modeling/runs/PA_baseline_multi_seeds/nmf_logit_motifs/L4096_checkpoint-15900_salient_R16,4096,16,11,O,15,0.39845443074229603,0.002590551084232631,True
PaTH-only,/project/nlp-work5/hongyu-s/transformers/examples/pytorch/language-modeling/runs/PA_baseline_multi_seeds/nmf_logit_motifs/L4096_checkpoint-15900_salient_R16,4096,16,12,D,0,0.6594293555628539,0.0024972482999803345,False
PaTH-only,/project/nlp-work5/hongyu-s/transformers/examples/pytorch/language-modeling/runs/PA_baseline_multi_seeds/nmf_logit_motifs/L4096_checkpoint-15900_salient_R16,4096,16,13,V,13,0.5527013129956266,0.003451059556516106,False
PaTH-only,/project/nlp-work5/hongyu-s/transformers/examples/pytorch/language-modeling/runs/PA_baseline_multi_seeds/nmf_logit_motifs/L4096_checkpoint-15900_salient_R16,4096,16,14,O,11,0.41998771760830295,0.002045813892303335,True
PaTH-only,/project/nlp-work5/hongyu-s/transformers/examples/pytorch/language-modeling/runs/PA_baseline_multi_seeds/nmf_logit_motifs/L4096_checkpoint-15900_salient_R16,4096,16,15,V,8,0.34153412046679466,0.0011530798912517308,True
PaTH-only,/project/nlp-work5/hongyu-s/transformers/examples/pytorch/language-modeling/runs/PA_baseline_multi_seeds/nmf_logit_motifs/L2048_checkpoint-15900_salient_R32,2048,32,0,D,0,0.644996271748767,0.0038870464091151132,False
PaTH-only,/project/nlp-work5/hongyu-s/transformers/examples/pytorch/language-modeling/runs/PA_baseline_multi_seeds/nmf_logit_motifs/L2048_checkpoint-15900_salient_R32,2048,32,1,D,0,0.6474170235424614,0.0032062462933179683,False
PaTH-only,/project/nlp-work5/hongyu-s/transformers/examples/pytorch/language-modeling/runs/PA_baseline_multi_seeds/nmf_logit_motifs/L2048_checkpoint-15900_salient_R32,2048,32,2,D,2,0.6145573890288766,0.0038205217125763134,False
PaTH-only,/project/nlp-work5/hongyu-s/transformers/examples/pytorch/language-modeling/runs/PA_baseline_multi_seeds/nmf_logit_motifs/L2048_checkpoint-15900_salient_R32,2048,32,3,V,5,0.5452988984713845,0.0028122370984128035,False
PaTH-only,/project/nlp-work5/hongyu-s/transformers/examples/pytorch/language-modeling/runs/PA_baseline_multi_seeds/nmf_logit_motifs/L2048_checkpoint-15900_salient_R32,2048,32,4,V,28,0.3428214624317202,0.0036472972062004615,True
PaTH-only,/project/nlp-work5/hongyu-s/transformers/examples/pytorch/language-modeling/runs/PA_baseline_multi_seeds/nmf_logit_motifs/L2048_checkpoint-15900_salient_R32,2048,32,5,V,28,0.4732754024931801,0.0027831669923495954,False
PaTH-only,/project/nlp-work5/hongyu-s/transformers/examples/pytorch/language-modeling/runs/PA_baseline_multi_seeds/nmf_logit_motifs/L2048_checkpoint-15900_salient_R32,2048,32,6,O,14,0.4742799241795575,0.0021308135439269274,False
PaTH-only,/project/nlp-work5/hongyu-s/transformers/examples/pytorch/language-modeling/runs/PA_baseline_multi_seeds/nmf_logit_motifs/L2048_checkpoint-15900_salient_R32,2048,32,7,V,24,0.39384915495366757,0.0019231032216053892,True
PaTH-only,/project/nlp-work5/hongyu-s/transformers/examples/pytorch/language-modeling/runs/PA_baseline_multi_seeds/nmf_logit_motifs/L2048_checkpoint-15900_salient_R32,2048,32,8,O,31,0.4180397045893759,0.0014846452031142831,True
PaTH-only,/project/nlp-work5/hongyu-s/transformers/examples/pytorch/language-modeling/runs/PA_baseline_multi_seeds/nmf_logit_motifs/L2048_checkpoint-15900_salient_R32,2048,32,9,O,16,0.47751867103875356,0.0012170509580630708,False
PaTH-only,/project/nlp-work5/hongyu-s/transformers/examples/pytorch/language-modeling/runs/PA_baseline_multi_seeds/nmf_logit_motifs/L2048_checkpoint-15900_salient_R32,2048,32,10,V,1,0.44911105824183917,0.0012708885597218808,True
PaTH-only,/project/nlp-work5/hongyu-s/transformers/examples/pytorch/language-modeling/runs/PA_baseline_multi_seeds/nmf_logit_motifs/L2048_checkpoint-15900_salient_R32,2048,32,11,O,30,0.48977717430064205,0.0010406202916103209,False
PaTH-only,/project/nlp-work5/hongyu-s/transformers/examples/pytorch/language-modeling/runs/PA_baseline_multi_seeds/nmf_logit_motifs/L2048_checkpoint-15900_salient_R32,2048,32,12,O,29,0.5805550516394362,0.0012190572750615304,False
PaTH-only,/project/nlp-work5/hongyu-s/transformers/examples/pytorch/language-modeling/runs/PA_baseline_multi_seeds/nmf_logit_motifs/L2048_checkpoint-15900_salient_R32,2048,32,13,O,16,0.396751884435358,0.0013448557300388745,True
PaTH-only,/project/nlp-work5/hongyu-s/transformers/examples/pytorch/language-modeling/runs/PA_baseline_multi_seeds/nmf_logit_motifs/L2048_checkpoint-15900_salient_R32,2048,32,14,D,23,0.5436493144026195,0.0016158310927051882,False
PaTH-only,/project/nlp-work5/hongyu-s/transformers/examples/pytorch/language-modeling/runs/PA_baseline_multi_seeds/nmf_logit_motifs/L2048_checkpoint-15900_salient_R32,2048,32,15,D,15,0.33908937269859224,0.0013750330919017984,True
PaTH-only,/project/nlp-work5/hongyu-s/transformers/examples/pytorch/language-modeling/runs/PA_baseline_multi_seeds/nmf_logit_motifs/L2048_checkpoint-15900_salient_R32,2048,32,16,O,25,0.6308151046663943,0.0014108134433076527,False
PaTH-only,/project/nlp-work5/hongyu-s/transformers/examples/pytorch/language-modeling/runs/PA_baseline_multi_seeds/nmf_logit_motifs/L2048_checkpoint-15900_salient_R32,2048,32,17,O,31,0.41894474996500447,0.001595949484266036,True
PaTH-only,/project/nlp-work5/hongyu-s/transformers/examples/pytorch/language-modeling/runs/PA_baseline_multi_seeds/nmf_logit_motifs/L2048_checkpoint-15900_salient_R32,2048,32,18,V,28,0.49118417740362563,0.002562183829441772,False
PaTH-only,/project/nlp-work5/hongyu-s/transformers/examples/pytorch/language-modeling/runs/PA_baseline_multi_seeds/nmf_logit_motifs/L2048_checkpoint-15900_salient_R32,2048,32,19,V,20,0.4962995810724018,0.0011524182118784845,False
PaTH-only,/project/nlp-work5/hongyu-s/transformers/examples/pytorch/language-modeling/runs/PA_baseline_multi_seeds/nmf_logit_motifs/L2048_checkpoint-15900_salient_R32,2048,32,20,V,12,0.5526181407371017,0.0012963856518024386,False
PaTH-only,/project/nlp-work5/hongyu-s/transformers/examples/pytorch/language-modeling/runs/PA_baseline_multi_seeds/nmf_logit_motifs/L2048_checkpoint-15900_salient_R32,2048,32,21,D,17,0.42044620905737073,0.0014091793912214712,True
PaTH-only,/project/nlp-work5/hongyu-s/transformers/examples/pytorch/language-modeling/runs/PA_baseline_multi_seeds/nmf_logit_motifs/L2048_checkpoint-15900_salient_R32,2048,32,22,D,0,0.5203501079747389,0.0019127016819791265,False
PaTH-only,/project/nlp-work5/hongyu-s/transformers/examples/pytorch/language-modeling/runs/PA_baseline_multi_seeds/nmf_logit_motifs/L2048_checkpoint-15900_salient_R32,2048,32,23,O,14,0.48381269142144334,0.0010953184384404145,False
PaTH-only,/project/nlp-work5/hongyu-s/transformers/examples/pytorch/language-modeling/runs/PA_baseline_multi_seeds/nmf_logit_motifs/L2048_checkpoint-15900_salient_R32,2048,32,24,O,27,0.4884218577374462,0.0011578468862533716,False
PaTH-only,/project/nlp-work5/hongyu-s/transformers/examples/pytorch/language-modeling/runs/PA_baseline_multi_seeds/nmf_logit_motifs/L2048_checkpoint-15900_salient_R32,2048,32,25,V,4,0.4619373801284597,0.0034483824424845987,False
PaTH-only,/project/nlp-work5/hongyu-s/transformers/examples/pytorch/language-modeling/runs/PA_baseline_multi_seeds/nmf_logit_motifs/L2048_checkpoint-15900_salient_R32,2048,32,26,V,18,0.5509672334646163,0.0013905040721433832,False
PaTH-only,/project/nlp-work5/hongyu-s/transformers/examples/pytorch/language-modeling/runs/PA_baseline_multi_seeds/nmf_logit_motifs/L2048_checkpoint-15900_salient_R32,2048,32,27,D,0,0.5308781197888213,0.0016991542355127049,False
PaTH-only,/project/nlp-work5/hongyu-s/transformers/examples/pytorch/language-modeling/runs/PA_baseline_multi_seeds/nmf_logit_motifs/L2048_checkpoint-15900_salient_R32,2048,32,28,O,21,0.5238770598663056,0.0021895828269591633,False
PaTH-only,/project/nlp-work5/hongyu-s/transformers/examples/pytorch/language-modeling/runs/PA_baseline_multi_seeds/nmf_logit_motifs/L2048_checkpoint-15900_salient_R32,2048,32,29,O,27,0.3924949529015721,0.0025316113206547658,True
PaTH-only,/project/nlp-work5/hongyu-s/transformers/examples/pytorch/language-modeling/runs/PA_baseline_multi_seeds/nmf_logit_motifs/L2048_checkpoint-15900_salient_R32,2048,32,30,V,26,0.5296319506347129,0.0014928662204616216,False
PaTH-only,/project/nlp-work5/hongyu-s/transformers/examples/pytorch/language-modeling/runs/PA_baseline_multi_seeds/nmf_logit_motifs/L2048_checkpoint-15900_salient_R32,2048,32,31,O,6,0.7277792923566152,0.0013471087611139144,False
PaTH-only,/project/nlp-work5/hongyu-s/transformers/examples/pytorch/language-modeling/runs/PA_baseline_multi_seeds/nmf_logit_motifs/L4096_checkpoint-15900_salient_R32,4096,32,0,O,27,0.39861295672475544,0.002567453501448477,True
PaTH-only,/project/nlp-work5/hongyu-s/transformers/examples/pytorch/language-modeling/runs/PA_baseline_multi_seeds/nmf_logit_motifs/L4096_checkpoint-15900_salient_R32,4096,32,1,D,0,0.8011694916457339,0.004573269379999595,False
PaTH-only,/project/nlp-work5/hongyu-s/transformers/examples/pytorch/language-modeling/runs/PA_baseline_multi_seeds/nmf_logit_motifs/L4096_checkpoint-15900_salient_R32,4096,32,2,D,17,0.5233625408315266,0.0037378925780468188,False
PaTH-only,/project/nlp-work5/hongyu-s/transformers/examples/pytorch/language-modeling/runs/PA_baseline_multi_seeds/nmf_logit_motifs/L4096_checkpoint-15900_salient_R32,4096,32,3,V,28,0.5122010311166525,0.0036847870450594337,False
PaTH-only,/project/nlp-work5/hongyu-s/transformers/examples/pytorch/language-modeling/runs/PA_baseline_multi_seeds/nmf_logit_motifs/L4096_checkpoint-15900_salient_R32,4096,32,4,V,28,0.39156559688401915,0.004323048036564706,True
PaTH-only,/project/nlp-work5/hongyu-s/transformers/examples/pytorch/language-modeling/runs/PA_baseline_multi_seeds/nmf_logit_motifs/L4096_checkpoint-15900_salient_R32,4096,32,5,V,20,0.3398473471716785,0.0028551304640380692,True
PaTH-only,/project/nlp-work5/hongyu-s/transformers/examples/pytorch/language-modeling/runs/PA_baseline_multi_seeds/nmf_logit_motifs/L4096_checkpoint-15900_salient_R32,4096,32,6,V,5,0.5017670004240806,0.0022915580042222592,False
PaTH-only,/project/nlp-work5/hongyu-s/transformers/examples/pytorch/language-modeling/runs/PA_baseline_multi_seeds/nmf_logit_motifs/L4096_checkpoint-15900_salient_R32,4096,32,7,O,30,0.4883406574149701,0.0013183450928604637,False
PaTH-only,/project/nlp-work5/hongyu-s/transformers/examples/pytorch/language-modeling/runs/PA_baseline_multi_seeds/nmf_logit_motifs/L4096_checkpoint-15900_salient_R32,4096,32,8,V,28,0.5747872298273059,0.0023945406058341707,False
PaTH-only,/project/nlp-work5/hongyu-s/transformers/examples/pytorch/language-modeling/runs/PA_baseline_multi_seeds/nmf_logit_motifs/L4096_checkpoint-15900_salient_R32,4096,32,9,O,29,0.5128866366824089,0.0010400885844683138,False
PaTH-only,/project/nlp-work5/hongyu-s/transformers/examples/pytorch/language-modeling/runs/PA_baseline_multi_seeds/nmf_logit_motifs/L4096_checkpoint-15900_salient_R32,4096,32,10,O,30,0.4318119842898658,0.0016863987631208647,True
PaTH-only,/project/nlp-work5/hongyu-s/transformers/examples/pytorch/language-modeling/runs/PA_baseline_multi_seeds/nmf_logit_motifs/L4096_checkpoint-15900_salient_R32,4096,32,11,O,27,0.4926419943092104,0.0014686159113513498,False
PaTH-only,/project/nlp-work5/hongyu-s/transformers/examples/pytorch/language-modeling/runs/PA_baseline_multi_seeds/nmf_logit_motifs/L4096_checkpoint-15900_salient_R32,4096,32,12,D,0,0.6246566658392598,0.0024664372288279385,False
PaTH-only,/project/nlp-work5/hongyu-s/transformers/examples/pytorch/language-modeling/runs/PA_baseline_multi_seeds/nmf_logit_motifs/L4096_checkpoint-15900_salient_R32,4096,32,13,V,1,0.6128285377960859,0.0016121236626538938,False
PaTH-only,/project/nlp-work5/hongyu-s/transformers/examples/pytorch/language-modeling/runs/PA_baseline_multi_seeds/nmf_logit_motifs/L4096_checkpoint-15900_salient_R32,4096,32,14,O,21,0.47658543180658347,0.0009511863911603058,False
PaTH-only,/project/nlp-work5/hongyu-s/transformers/examples/pytorch/language-modeling/runs/PA_baseline_multi_seeds/nmf_logit_motifs/L4096_checkpoint-15900_salient_R32,4096,32,15,O,29,0.31731963489627985,0.000737163980589403,True
PaTH-only,/project/nlp-work5/hongyu-s/transformers/examples/pytorch/language-modeling/runs/PA_baseline_multi_seeds/nmf_logit_motifs/L4096_checkpoint-15900_salient_R32,4096,32,16,O,16,0.5941401058815409,0.0012359058235327956,False
PaTH-only,/project/nlp-work5/hongyu-s/transformers/examples/pytorch/language-modeling/runs/PA_baseline_multi_seeds/nmf_logit_motifs/L4096_checkpoint-15900_salient_R32,4096,32,17,O,19,0.3694746849561643,0.0016941162290907959,True
PaTH-only,/project/nlp-work5/hongyu-s/transformers/examples/pytorch/language-modeling/runs/PA_baseline_multi_seeds/nmf_logit_motifs/L4096_checkpoint-15900_salient_R32,4096,32,18,V,26,0.45634308366845644,0.0014175885348965444,False
PaTH-only,/project/nlp-work5/hongyu-s/transformers/examples/pytorch/language-modeling/runs/PA_baseline_multi_seeds/nmf_logit_motifs/L4096_checkpoint-15900_salient_R32,4096,32,19,O,21,0.3563974269571523,0.0011719160912521274,True
PaTH-only,/project/nlp-work5/hongyu-s/transformers/examples/pytorch/language-modeling/runs/PA_baseline_multi_seeds/nmf_logit_motifs/L4096_checkpoint-15900_salient_R32,4096,32,20,O,31,0.49478807113361895,0.0013370337700711746,False
PaTH-only,/project/nlp-work5/hongyu-s/transformers/examples/pytorch/language-modeling/runs/PA_baseline_multi_seeds/nmf_logit_motifs/L4096_checkpoint-15900_salient_R32,4096,32,21,O,14,0.5571143147606138,0.002105469322670217,False
PaTH-only,/project/nlp-work5/hongyu-s/transformers/examples/pytorch/language-modeling/runs/PA_baseline_multi_seeds/nmf_logit_motifs/L4096_checkpoint-15900_salient_R32,4096,32,22,D,15,0.41878514332851874,0.0011375165393604746,True
PaTH-only,/project/nlp-work5/hongyu-s/transformers/examples/pytorch/language-modeling/runs/PA_baseline_multi_seeds/nmf_logit_motifs/L4096_checkpoint-15900_salient_R32,4096,32,23,O,24,0.5813861296519771,0.002021528860423432,False
PaTH-only,/project/nlp-work5/hongyu-s/transformers/examples/pytorch/language-modeling/runs/PA_baseline_multi_seeds/nmf_logit_motifs/L4096_checkpoint-15900_salient_R32,4096,32,24,O,6,0.43871348412049704,0.0012528448327173989,True
PaTH-only,/project/nlp-work5/hongyu-s/transformers/examples/pytorch/language-modeling/runs/PA_baseline_multi_seeds/nmf_logit_motifs/L4096_checkpoint-15900_salient_R32,4096,32,25,V,8,0.49485061113868267,0.0013259832714447681,False
PaTH-only,/project/nlp-work5/hongyu-s/transformers/examples/pytorch/language-modeling/runs/PA_baseline_multi_seeds/nmf_logit_motifs/L4096_checkpoint-15900_salient_R32,4096,32,26,O,7,0.3593734132033487,0.0012029420411751662,True
PaTH-only,/project/nlp-work5/hongyu-s/transformers/examples/pytorch/language-modeling/runs/PA_baseline_multi_seeds/nmf_logit_motifs/L4096_checkpoint-15900_salient_R32,4096,32,27,D,8,0.28867054996026054,0.0016149978541530308,True
PaTH-only,/project/nlp-work5/hongyu-s/transformers/examples/pytorch/language-modeling/runs/PA_baseline_multi_seeds/nmf_logit_motifs/L4096_checkpoint-15900_salient_R32,4096,32,28,O,11,0.54830057583828,0.002688270493983136,False
PaTH-only,/project/nlp-work5/hongyu-s/transformers/examples/pytorch/language-modeling/runs/PA_baseline_multi_seeds/nmf_logit_motifs/L4096_checkpoint-15900_salient_R32,4096,32,29,O,6,0.43713878698776437,0.001117218886431475,True
PaTH-only,/project/nlp-work5/hongyu-s/transformers/examples/pytorch/language-modeling/runs/PA_baseline_multi_seeds/nmf_logit_motifs/L4096_checkpoint-15900_salient_R32,4096,32,30,V,18,0.4081289733774768,0.0009943291829937412,True
PaTH-only,/project/nlp-work5/hongyu-s/transformers/examples/pytorch/language-modeling/runs/PA_baseline_multi_seeds/nmf_logit_motifs/L4096_checkpoint-15900_salient_R32,4096,32,31,V,3,0.5595101608263818,0.002003334160851011,False
QWAB,/project/nlp-work5/hongyu-s/transformers/examples/pytorch/language-modeling/runs/attn_nmf_comparison/L2048_checkpoint-15900_salient_R16_total,2048,16,0,V,8,0.5669504424934568,0.0040690494766724645,False
QWAB,/project/nlp-work5/hongyu-s/transformers/examples/pytorch/language-modeling/runs/attn_nmf_comparison/L2048_checkpoint-15900_salient_R16_total,2048,16,1,D,0,0.7238461167542165,0.004118777928709976,False
QWAB,/project/nlp-work5/hongyu-s/transformers/examples/pytorch/language-modeling/runs/attn_nmf_comparison/L2048_checkpoint-15900_salient_R16_total,2048,16,2,D,3,0.5231597705947513,0.004062318186967775,False
QWAB,/project/nlp-work5/hongyu-s/transformers/examples/pytorch/language-modeling/runs/attn_nmf_comparison/L2048_checkpoint-15900_salient_R16_total,2048,16,3,D,0,0.6393052941124249,0.004109822036438335,False
QWAB,/project/nlp-work5/hongyu-s/transformers/examples/pytorch/language-modeling/runs/attn_nmf_comparison/L2048_checkpoint-15900_salient_R16_total,2048,16,4,V,12,0.6336276627837347,0.003539759909324292,False
QWAB,/project/nlp-work5/hongyu-s/transformers/examples/pytorch/language-modeling/runs/attn_nmf_comparison/L2048_checkpoint-15900_salient_R16_total,2048,16,5,V,12,0.40893099054433935,0.003330367004882583,True
QWAB,/project/nlp-work5/hongyu-s/transformers/examples/pytorch/language-modeling/runs/attn_nmf_comparison/L2048_checkpoint-15900_salient_R16_total,2048,16,6,O,15,0.7386148170975577,0.002915622798173937,False
QWAB,/project/nlp-work5/hongyu-s/transformers/examples/pytorch/language-modeling/runs/attn_nmf_comparison/L2048_checkpoint-15900_salient_R16_total,2048,16,7,V,11,0.3503425429023209,0.002640931315211282,True
QWAB,/project/nlp-work5/hongyu-s/transformers/examples/pytorch/language-modeling/runs/attn_nmf_comparison/L2048_checkpoint-15900_salient_R16_total,2048,16,8,O,1,0.5351696198386698,0.0018688135680273888,False
QWAB,/project/nlp-work5/hongyu-s/transformers/examples/pytorch/language-modeling/runs/attn_nmf_comparison/L2048_checkpoint-15900_salient_R16_total,2048,16,9,V,11,0.4787046968132457,0.0024179221339231402,False
QWAB,/project/nlp-work5/hongyu-s/transformers/examples/pytorch/language-modeling/runs/attn_nmf_comparison/L2048_checkpoint-15900_salient_R16_total,2048,16,10,O,1,0.46741856771198403,0.0015674647693582717,False
QWAB,/project/nlp-work5/hongyu-s/transformers/examples/pytorch/language-modeling/runs/attn_nmf_comparison/L2048_checkpoint-15900_salient_R16_total,2048,16,11,O,10,0.4619880120636095,0.0019971782566472977,False
QWAB,/project/nlp-work5/hongyu-s/transformers/examples/pytorch/language-modeling/runs/attn_nmf_comparison/L2048_checkpoint-15900_salient_R16_total,2048,16,12,V,4,0.4850507855264058,0.003920895591532058,False
QWAB,/project/nlp-work5/hongyu-s/transformers/examples/pytorch/language-modeling/runs/attn_nmf_comparison/L2048_checkpoint-15900_salient_R16_total,2048,16,13,D,1,0.287017282859374,0.001539467885524704,True
QWAB,/project/nlp-work5/hongyu-s/transformers/examples/pytorch/language-modeling/runs/attn_nmf_comparison/L2048_checkpoint-15900_salient_R16_total,2048,16,14,D,13,0.44304806239558636,0.0016096250547988353,True
QWAB,/project/nlp-work5/hongyu-s/transformers/examples/pytorch/language-modeling/runs/attn_nmf_comparison/L2048_checkpoint-15900_salient_R16_total,2048,16,15,D,0,0.6907074583704231,0.0022882761281791332,False
QWAB,/project/nlp-work5/hongyu-s/transformers/examples/pytorch/language-modeling/runs/attn_nmf_comparison/L4096_checkpoint-15900_salient_R16_total_QWAB,4096,16,0,V,8,0.4806633499413311,0.0034368647138045896,False
QWAB,/project/nlp-work5/hongyu-s/transformers/examples/pytorch/language-modeling/runs/attn_nmf_comparison/L4096_checkpoint-15900_salient_R16_total_QWAB,4096,16,1,D,0,0.799471333195926,0.004432335699891104,False
QWAB,/project/nlp-work5/hongyu-s/transformers/examples/pytorch/language-modeling/runs/attn_nmf_comparison/L4096_checkpoint-15900_salient_R16_total_QWAB,4096,16,2,D,3,0.5870747603437074,0.004620113195512137,False
QWAB,/project/nlp-work5/hongyu-s/transformers/examples/pytorch/language-modeling/runs/attn_nmf_comparison/L4096_checkpoint-15900_salient_R16_total_QWAB,4096,16,3,V,12,0.5045142553848393,0.003831394276206248,False
QWAB,/project/nlp-work5/hongyu-s/transformers/examples/pytorch/language-modeling/runs/attn_nmf_comparison/L4096_checkpoint-15900_salient_R16_total_QWAB,4096,16,4,V,12,0.6149178878186424,0.0031675912921648734,False
QWAB,/project/nlp-work5/hongyu-s/transformers/examples/pytorch/language-modeling/runs/attn_nmf_comparison/L4096_checkpoint-15900_salient_R16_total_QWAB,4096,16,5,O,12,0.37447038569073166,0.003113716537691794,True
QWAB,/project/nlp-work5/hongyu-s/transformers/examples/pytorch/language-modeling/runs/attn_nmf_comparison/L4096_checkpoint-15900_salient_R16_total_QWAB,4096,16,6,V,11,0.6011131260761854,0.0035434083611664215,False
QWAB,/project/nlp-work5/hongyu-s/transformers/examples/pytorch/language-modeling/runs/attn_nmf_comparison/L4096_checkpoint-15900_salient_R16_total_QWAB,4096,16,7,O,1,0.48017939710010127,0.0017229325429918812,False
QWAB,/project/nlp-work5/hongyu-s/transformers/examples/pytorch/language-modeling/runs/attn_nmf_comparison/L4096_checkpoint-15900_salient_R16_total_QWAB,4096,16,8,V,8,0.4355081815975299,0.004417982968934161,True
QWAB,/project/nlp-work5/hongyu-s/transformers/examples/pytorch/language-modeling/runs/attn_nmf_comparison/L4096_checkpoint-15900_salient_R16_total_QWAB,4096,16,9,O,1,0.3715148137866383,0.0014710025096828323,True
QWAB,/project/nlp-work5/hongyu-s/transformers/examples/pytorch/language-modeling/runs/attn_nmf_comparison/L4096_checkpoint-15900_salient_R16_total_QWAB,4096,16,10,O,10,0.3899492830436372,0.0020169435643420286,True
QWAB,/project/nlp-work5/hongyu-s/transformers/examples/pytorch/language-modeling/runs/attn_nmf_comparison/L4096_checkpoint-15900_salient_R16_total_QWAB,4096,16,11,D,1,0.4630525902433524,0.0018974535636931162,False
QWAB,/project/nlp-work5/hongyu-s/transformers/examples/pytorch/language-modeling/runs/attn_nmf_comparison/L4096_checkpoint-15900_salient_R16_total_QWAB,4096,16,12,O,15,0.617509415859737,0.0030494200666973687,False
QWAB,/project/nlp-work5/hongyu-s/transformers/examples/pytorch/language-modeling/runs/attn_nmf_comparison/L4096_checkpoint-15900_salient_R16_total_QWAB,4096,16,13,D,10,0.3489687208270377,0.0020939682117069305,True
QWAB,/project/nlp-work5/hongyu-s/transformers/examples/pytorch/language-modeling/runs/attn_nmf_comparison/L4096_checkpoint-15900_salient_R16_total_QWAB,4096,16,14,O,1,0.41215127982321814,0.0022980400439069843,True
QWAB,/project/nlp-work5/hongyu-s/transformers/examples/pytorch/language-modeling/runs/attn_nmf_comparison/L4096_checkpoint-15900_salient_R16_total_QWAB,4096,16,15,D,0,0.6629079903759368,0.0024922869404359303,False
QWAB,/project/nlp-work5/hongyu-s/transformers/examples/pytorch/language-modeling/runs/attn_nmf_comparison/L2048_checkpoint-15900_salient_R32_total,2048,32,0,V,21,0.43324838348643907,0.002882690132890862,True
QWAB,/project/nlp-work5/hongyu-s/transformers/examples/pytorch/language-modeling/runs/attn_nmf_comparison/L2048_checkpoint-15900_salient_R32_total,2048,32,1,D,0,0.6230568811694935,0.0029217667161727926,False
QWAB,/project/nlp-work5/hongyu-s/transformers/examples/pytorch/language-modeling/runs/attn_nmf_comparison/L2048_checkpoint-15900_salient_R32_total,2048,32,2,D,2,0.5853458526462676,0.0038295338663252524,False
QWAB,/project/nlp-work5/hongyu-s/transformers/examples/pytorch/language-modeling/runs/attn_nmf_comparison/L2048_checkpoint-15900_salient_R32_total,2048,32,3,D,0,0.6204613376023631,0.004594461553072778,False
QWAB,/project/nlp-work5/hongyu-s/transformers/examples/pytorch/language-modeling/runs/attn_nmf_comparison/L2048_checkpoint-15900_salient_R32_total,2048,32,4,V,12,0.49773052444973465,0.0037050346624732337,False
QWAB,/project/nlp-work5/hongyu-s/transformers/examples/pytorch/language-modeling/runs/attn_nmf_comparison/L2048_checkpoint-15900_salient_R32_total,2048,32,5,V,12,0.4462024075053793,0.0028963905789158337,True
QWAB,/project/nlp-work5/hongyu-s/transformers/examples/pytorch/language-modeling/runs/attn_nmf_comparison/L2048_checkpoint-15900_salient_R32_total,2048,32,6,O,15,0.5833607060430245,0.002441643097012426,False
QWAB,/project/nlp-work5/hongyu-s/transformers/examples/pytorch/language-modeling/runs/attn_nmf_comparison/L2048_checkpoint-15900_salient_R32_total,2048,32,7,V,26,0.468321595903124,0.0018662361630778198,False
QWAB,/project/nlp-work5/hongyu-s/transformers/examples/pytorch/language-modeling/runs/attn_nmf_comparison/L2048_checkpoint-15900_salient_R32_total,2048,32,8,O,13,0.5761730439333987,0.001348480257251325,False
QWAB,/project/nlp-work5/hongyu-s/transformers/examples/pytorch/language-modeling/runs/attn_nmf_comparison/L2048_checkpoint-15900_salient_R32_total,2048,32,9,O,30,0.5946007526296532,0.0015623405126268292,False
QWAB,/project/nlp-work5/hongyu-s/transformers/examples/pytorch/language-modeling/runs/attn_nmf_comparison/L2048_checkpoint-15900_salient_R32_total,2048,32,10,D,0,0.5668980144265102,0.0012586996647581353,False
QWAB,/project/nlp-work5/hongyu-s/transformers/examples/pytorch/language-modeling/runs/attn_nmf_comparison/L2048_checkpoint-15900_salient_R32_total,2048,32,11,O,20,0.6726564127732411,0.0011724025093194652,False
QWAB,/project/nlp-work5/hongyu-s/transformers/examples/pytorch/language-modeling/runs/attn_nmf_comparison/L2048_checkpoint-15900_salient_R32_total,2048,32,12,V,14,0.5849019735820055,0.0025119001345439707,False
QWAB,/project/nlp-work5/hongyu-s/transformers/examples/pytorch/language-modeling/runs/attn_nmf_comparison/L2048_checkpoint-15900_salient_R32_total,2048,32,13,O,22,0.4360084953111375,0.0011700565683710402,True
QWAB,/project/nlp-work5/hongyu-s/transformers/examples/pytorch/language-modeling/runs/attn_nmf_comparison/L2048_checkpoint-15900_salient_R32_total,2048,32,14,O,28,0.6294015880128323,0.0012108820072874317,False
QWAB,/project/nlp-work5/hongyu-s/transformers/examples/pytorch/language-modeling/runs/attn_nmf_comparison/L2048_checkpoint-15900_salient_R32_total,2048,32,15,D,0,0.5032040780820057,0.001278761053999011,False
QWAB,/project/nlp-work5/hongyu-s/transformers/examples/pytorch/language-modeling/runs/attn_nmf_comparison/L2048_checkpoint-15900_salient_R32_total,2048,32,16,V,11,0.4871158449096509,0.0015321214603627375,False
QWAB,/project/nlp-work5/hongyu-s/transformers/examples/pytorch/language-modeling/runs/attn_nmf_comparison/L2048_checkpoint-15900_salient_R32_total,2048,32,17,O,16,0.6505131414845524,0.001597372845106718,False
QWAB,/project/nlp-work5/hongyu-s/transformers/examples/pytorch/language-modeling/runs/attn_nmf_comparison/L2048_checkpoint-15900_salient_R32_total,2048,32,18,D,23,0.4215978415549189,0.0016090953126261809,True
QWAB,/project/nlp-work5/hongyu-s/transformers/examples/pytorch/language-modeling/runs/attn_nmf_comparison/L2048_checkpoint-15900_salient_R32_total,2048,32,19,V,6,0.45380051188667003,0.0026289835966651115,False
QWAB,/project/nlp-work5/hongyu-s/transformers/examples/pytorch/language-modeling/runs/attn_nmf_comparison/L2048_checkpoint-15900_salient_R32_total,2048,32,20,O,31,0.43424094777857447,0.0015785197747086796,True
QWAB,/project/nlp-work5/hongyu-s/transformers/examples/pytorch/language-modeling/runs/attn_nmf_comparison/L2048_checkpoint-15900_salient_R32_total,2048,32,21,O,23,0.5524331585527241,0.0015806989450881284,False
QWAB,/project/nlp-work5/hongyu-s/transformers/examples/pytorch/language-modeling/runs/attn_nmf_comparison/L2048_checkpoint-15900_salient_R32_total,2048,32,22,D,0,0.5302669647487056,0.001771979499565807,False
QWAB,/project/nlp-work5/hongyu-s/transformers/examples/pytorch/language-modeling/runs/attn_nmf_comparison/L2048_checkpoint-15900_salient_R32_total,2048,32,23,O,29,0.5449673233455669,0.0010213683782805284,False
QWAB,/project/nlp-work5/hongyu-s/transformers/examples/pytorch/language-modeling/runs/attn_nmf_comparison/L2048_checkpoint-15900_salient_R32_total,2048,32,24,O,13,0.32253676876464055,0.0013169083908559762,True
QWAB,/project/nlp-work5/hongyu-s/transformers/examples/pytorch/language-modeling/runs/attn_nmf_comparison/L2048_checkpoint-15900_salient_R32_total,2048,32,25,O,10,0.6529961158355897,0.0017132941584917403,False
QWAB,/project/nlp-work5/hongyu-s/transformers/examples/pytorch/language-modeling/runs/attn_nmf_comparison/L2048_checkpoint-15900_salient_R32_total,2048,32,26,V,24,0.6118051812042347,0.0020389128585667983,False
QWAB,/project/nlp-work5/hongyu-s/transformers/examples/pytorch/language-modeling/runs/attn_nmf_comparison/L2048_checkpoint-15900_salient_R32_total,2048,32,27,O,31,0.4344308170012901,0.001525341457979721,True
QWAB,/project/nlp-work5/hongyu-s/transformers/examples/pytorch/language-modeling/runs/attn_nmf_comparison/L2048_checkpoint-15900_salient_R32_total,2048,32,28,V,4,0.569327464523164,0.001788659068396008,False
QWAB,/project/nlp-work5/hongyu-s/transformers/examples/pytorch/language-modeling/runs/attn_nmf_comparison/L2048_checkpoint-15900_salient_R32_total,2048,32,29,D,0,0.5085823064491473,0.0013378882868844528,False
QWAB,/project/nlp-work5/hongyu-s/transformers/examples/pytorch/language-modeling/runs/attn_nmf_comparison/L2048_checkpoint-15900_salient_R32_total,2048,32,30,V,11,0.4757036634548999,0.0017493980021276911,False
QWAB,/project/nlp-work5/hongyu-s/transformers/examples/pytorch/language-modeling/runs/attn_nmf_comparison/L2048_checkpoint-15900_salient_R32_total,2048,32,31,V,19,0.35675760150969543,0.0014512153576301836,True
QWAB,/project/nlp-work5/hongyu-s/transformers/examples/pytorch/language-modeling/runs/attn_nmf_comparison/L4096_checkpoint-15900_salient_R32_total,4096,32,0,V,14,0.4087611661908363,0.003530972653334459,True
QWAB,/project/nlp-work5/hongyu-s/transformers/examples/pytorch/language-modeling/runs/attn_nmf_comparison/L4096_checkpoint-15900_salient_R32_total,4096,32,1,D,0,0.6664416692060106,0.0038913927361211463,False
QWAB,/project/nlp-work5/hongyu-s/transformers/examples/pytorch/language-modeling/runs/attn_nmf_comparison/L4096_checkpoint-15900_salient_R32_total,4096,32,2,D,2,0.49637395027437703,0.004042112040145519,False
QWAB,/project/nlp-work5/hongyu-s/transformers/examples/pytorch/language-modeling/runs/attn_nmf_comparison/L4096_checkpoint-15900_salient_R32_total,4096,32,3,V,7,0.4180730332118913,0.0027941416950464978,True
QWAB,/project/nlp-work5/hongyu-s/transformers/examples/pytorch/language-modeling/runs/attn_nmf_comparison/L4096_checkpoint-15900_salient_R32_total,4096,32,4,V,24,0.6443598446387846,0.003818312843589398,False
QWAB,/project/nlp-work5/hongyu-s/transformers/examples/pytorch/language-modeling/runs/attn_nmf_comparison/L4096_checkpoint-15900_salient_R32_total,4096,32,5,O,25,0.49598116022934585,0.0025597771988161116,False
QWAB,/project/nlp-work5/hongyu-s/transformers/examples/pytorch/language-modeling/runs/attn_nmf_comparison/L4096_checkpoint-15900_salient_R32_total,4096,32,6,V,26,0.6151270233000935,0.0028493252423301228,False
QWAB,/project/nlp-work5/hongyu-s/transformers/examples/pytorch/language-modeling/runs/attn_nmf_comparison/L4096_checkpoint-15900_salient_R32_total,4096,32,7,O,28,0.4850430058888129,0.0013449972167790532,False
QWAB,/project/nlp-work5/hongyu-s/transformers/examples/pytorch/language-modeling/runs/attn_nmf_comparison/L4096_checkpoint-15900_salient_R32_total,4096,32,8,V,1,0.44310219668485695,0.0039000845070932162,True
QWAB,/project/nlp-work5/hongyu-s/transformers/examples/pytorch/language-modeling/runs/attn_nmf_comparison/L4096_checkpoint-15900_salient_R32_total,4096,32,9,V,10,0.3035128445107717,0.0009094879028978268,True
QWAB,/project/nlp-work5/hongyu-s/transformers/examples/pytorch/language-modeling/runs/attn_nmf_comparison/L4096_checkpoint-15900_salient_R32_total,4096,32,10,O,31,0.5744677489731541,0.0014727223180745913,False
QWAB,/project/nlp-work5/hongyu-s/transformers/examples/pytorch/language-modeling/runs/attn_nmf_comparison/L4096_checkpoint-15900_salient_R32_total,4096,32,11,O,19,0.6078743921320222,0.0014275316714986196,False
QWAB,/project/nlp-work5/hongyu-s/transformers/examples/pytorch/language-modeling/runs/attn_nmf_comparison/L4096_checkpoint-15900_salient_R32_total,4096,32,12,V,11,0.38004408357989233,0.002019127605828462,True
QWAB,/project/nlp-work5/hongyu-s/transformers/examples/pytorch/language-modeling/runs/attn_nmf_comparison/L4096_checkpoint-15900_salient_R32_total,4096,32,13,O,10,0.3781705416205347,0.0011528809470621425,True
QWAB,/project/nlp-work5/hongyu-s/transformers/examples/pytorch/language-modeling/runs/attn_nmf_comparison/L4096_checkpoint-15900_salient_R32_total,4096,32,14,O,31,0.3912772678237026,0.001365413963423868,True
QWAB,/project/nlp-work5/hongyu-s/transformers/examples/pytorch/language-modeling/runs/attn_nmf_comparison/L4096_checkpoint-15900_salient_R32_total,4096,32,15,O,29,0.5771774854072003,0.0011676305814465554,False
QWAB,/project/nlp-work5/hongyu-s/transformers/examples/pytorch/language-modeling/runs/attn_nmf_comparison/L4096_checkpoint-15900_salient_R32_total,4096,32,16,D,28,0.3440027115705198,0.0008683104214850386,True
QWAB,/project/nlp-work5/hongyu-s/transformers/examples/pytorch/language-modeling/runs/attn_nmf_comparison/L4096_checkpoint-15900_salient_R32_total,4096,32,17,V,6,0.3771419267804096,0.0016053901697091928,True
QWAB,/project/nlp-work5/hongyu-s/transformers/examples/pytorch/language-modeling/runs/attn_nmf_comparison/L4096_checkpoint-15900_salient_R32_total,4096,32,18,O,16,0.5515018567724779,0.0011531088929975653,False
QWAB,/project/nlp-work5/hongyu-s/transformers/examples/pytorch/language-modeling/runs/attn_nmf_comparison/L4096_checkpoint-15900_salient_R32_total,4096,32,19,O,23,0.47188930974155874,0.001536416563957099,False
QWAB,/project/nlp-work5/hongyu-s/transformers/examples/pytorch/language-modeling/runs/attn_nmf_comparison/L4096_checkpoint-15900_salient_R32_total,4096,32,20,V,11,0.4645429871434088,0.0014191059166660126,False
QWAB,/project/nlp-work5/hongyu-s/transformers/examples/pytorch/language-modeling/runs/attn_nmf_comparison/L4096_checkpoint-15900_salient_R32_total,4096,32,21,O,23,0.29297283485514375,0.0012746835536395116,True
QWAB,/project/nlp-work5/hongyu-s/transformers/examples/pytorch/language-modeling/runs/attn_nmf_comparison/L4096_checkpoint-15900_salient_R32_total,4096,32,22,V,12,0.565748323314543,0.002703204470001752,False
QWAB,/project/nlp-work5/hongyu-s/transformers/examples/pytorch/language-modeling/runs/attn_nmf_comparison/L4096_checkpoint-15900_salient_R32_total,4096,32,23,D,0,0.6121820821843416,0.001512425720187941,False
QWAB,/project/nlp-work5/hongyu-s/transformers/examples/pytorch/language-modeling/runs/attn_nmf_comparison/L4096_checkpoint-15900_salient_R32_total,4096,32,24,O,15,0.4570534873150602,0.0019460627916200223,False
QWAB,/project/nlp-work5/hongyu-s/transformers/examples/pytorch/language-modeling/runs/attn_nmf_comparison/L4096_checkpoint-15900_salient_R32_total,4096,32,25,O,22,0.345573031696551,0.0010712933325884993,True
QWAB,/project/nlp-work5/hongyu-s/transformers/examples/pytorch/language-modeling/runs/attn_nmf_comparison/L4096_checkpoint-15900_salient_R32_total,4096,32,26,O,28,0.34911173705237897,0.0011932386187939099,True
QWAB,/project/nlp-work5/hongyu-s/transformers/examples/pytorch/language-modeling/runs/attn_nmf_comparison/L4096_checkpoint-15900_salient_R32_total,4096,32,27,O,30,0.5235444736919567,0.0013185511093817266,False
QWAB,/project/nlp-work5/hongyu-s/transformers/examples/pytorch/language-modeling/runs/attn_nmf_comparison/L4096_checkpoint-15900_salient_R32_total,4096,32,28,V,4,0.4554632429795994,0.002160103466375492,False
QWAB,/project/nlp-work5/hongyu-s/transformers/examples/pytorch/language-modeling/runs/attn_nmf_comparison/L4096_checkpoint-15900_salient_R32_total,4096,32,29,O,15,0.4179611697301307,0.0014287805008040679,True
QWAB,/project/nlp-work5/hongyu-s/transformers/examples/pytorch/language-modeling/runs/attn_nmf_comparison/L4096_checkpoint-15900_salient_R32_total,4096,32,30,O,13,0.4934485882712316,0.001703243231805642,False
QWAB,/project/nlp-work5/hongyu-s/transformers/examples/pytorch/language-modeling/runs/attn_nmf_comparison/L4096_checkpoint-15900_salient_R32_total,4096,32,31,D,0,0.5949231242233656,0.002170177088310719,False
NoPE,/project/nlp-work5/hongyu-s/transformers/examples/pytorch/language-modeling/runs/attn_nmf_comparison/L2048_nope_s42_salient_R16,2048,16,0,V,4,0.6146704287943213,0.0034442612687483366,False
NoPE,/project/nlp-work5/hongyu-s/transformers/examples/pytorch/language-modeling/runs/attn_nmf_comparison/L2048_nope_s42_salient_R16,2048,16,1,D,0,0.7266166447574015,0.006188026195963074,False
NoPE,/project/nlp-work5/hongyu-s/transformers/examples/pytorch/language-modeling/runs/attn_nmf_comparison/L2048_nope_s42_salient_R16,2048,16,2,V,5,0.4039523823208391,0.002989565156476301,True
NoPE,/project/nlp-work5/hongyu-s/transformers/examples/pytorch/language-modeling/runs/attn_nmf_comparison/L2048_nope_s42_salient_R16,2048,16,3,O,14,0.6718190907819239,0.0037859920517608714,False
NoPE,/project/nlp-work5/hongyu-s/transformers/examples/pytorch/language-modeling/runs/attn_nmf_comparison/L2048_nope_s42_salient_R16,2048,16,4,O,1,0.7323482960407293,0.0032662371415239652,False
NoPE,/project/nlp-work5/hongyu-s/transformers/examples/pytorch/language-modeling/runs/attn_nmf_comparison/L2048_nope_s42_salient_R16,2048,16,5,V,5,0.28869858756082867,0.0028224803443946535,True
NoPE,/project/nlp-work5/hongyu-s/transformers/examples/pytorch/language-modeling/runs/attn_nmf_comparison/L2048_nope_s42_salient_R16,2048,16,6,V,12,0.5520537122877229,0.002457132559480123,False
NoPE,/project/nlp-work5/hongyu-s/transformers/examples/pytorch/language-modeling/runs/attn_nmf_comparison/L2048_nope_s42_salient_R16,2048,16,7,O,1,0.5481543635581251,0.0027250578945698105,False
NoPE,/project/nlp-work5/hongyu-s/transformers/examples/pytorch/language-modeling/runs/attn_nmf_comparison/L2048_nope_s42_salient_R16,2048,16,8,O,14,0.6760824359256932,0.0033873494714315674,False
NoPE,/project/nlp-work5/hongyu-s/transformers/examples/pytorch/language-modeling/runs/attn_nmf_comparison/L2048_nope_s42_salient_R16,2048,16,9,O,15,0.6519018260566329,0.0022219620476194913,False
NoPE,/project/nlp-work5/hongyu-s/transformers/examples/pytorch/language-modeling/runs/attn_nmf_comparison/L2048_nope_s42_salient_R16,2048,16,10,O,11,0.7200819764870706,0.0024156392067741688,False
NoPE,/project/nlp-work5/hongyu-s/transformers/examples/pytorch/language-modeling/runs/attn_nmf_comparison/L2048_nope_s42_salient_R16,2048,16,11,V,5,0.49655426373115336,0.0009897942790673758,False
NoPE,/project/nlp-work5/hongyu-s/transformers/examples/pytorch/language-modeling/runs/attn_nmf_comparison/L2048_nope_s42_salient_R16,2048,16,12,O,6,0.6837450104293321,0.0025621904993450824,False
NoPE,/project/nlp-work5/hongyu-s/transformers/examples/pytorch/language-modeling/runs/attn_nmf_comparison/L2048_nope_s42_salient_R16,2048,16,13,V,10,0.49075990194429175,0.00243787861187538,False
NoPE,/project/nlp-work5/hongyu-s/transformers/examples/pytorch/language-modeling/runs/attn_nmf_comparison/L2048_nope_s42_salient_R16,2048,16,14,V,12,0.6121423577858001,0.002195124344233995,False
NoPE,/project/nlp-work5/hongyu-s/transformers/examples/pytorch/language-modeling/runs/attn_nmf_comparison/L2048_nope_s42_salient_R16,2048,16,15,O,2,0.8431873952510922,0.003103048745235921,False
NoPE,/project/nlp-work5/hongyu-s/transformers/examples/pytorch/language-modeling/runs/attn_nmf_comparison/L4096_nope_s42_salient_R16,4096,16,0,V,5,0.49727856879180554,0.004777058464249492,False
NoPE,/project/nlp-work5/hongyu-s/transformers/examples/pytorch/language-modeling/runs/attn_nmf_comparison/L4096_nope_s42_salient_R16,4096,16,1,D,0,0.6625407097830078,0.005414595677598189,False
NoPE,/project/nlp-work5/hongyu-s/transformers/examples/pytorch/language-modeling/runs/attn_nmf_comparison/L4096_nope_s42_salient_R16,4096,16,2,V,5,0.5563363924679556,0.0036364712215708915,False
NoPE,/project/nlp-work5/hongyu-s/transformers/examples/pytorch/language-modeling/runs/attn_nmf_comparison/L4096_nope_s42_salient_R16,4096,16,3,V,12,0.5499227469297576,0.0029622271546760953,False
NoPE,/project/nlp-work5/hongyu-s/transformers/examples/pytorch/language-modeling/runs/attn_nmf_comparison/L4096_nope_s42_salient_R16,4096,16,4,V,12,0.661542158188631,0.0035808778162152856,False
NoPE,/project/nlp-work5/hongyu-s/transformers/examples/pytorch/language-modeling/runs/attn_nmf_comparison/L4096_nope_s42_salient_R16,4096,16,5,V,4,0.622666372465946,0.0027588351133552773,False
NoPE,/project/nlp-work5/hongyu-s/transformers/examples/pytorch/language-modeling/runs/attn_nmf_comparison/L4096_nope_s42_salient_R16,4096,16,6,V,5,0.414491414465949,0.0018991292473767491,True
NoPE,/project/nlp-work5/hongyu-s/transformers/examples/pytorch/language-modeling/runs/attn_nmf_comparison/L4096_nope_s42_salient_R16,4096,16,7,V,3,0.5821712467896107,0.003064182386762554,False
NoPE,/project/nlp-work5/hongyu-s/transformers/examples/pytorch/language-modeling/runs/attn_nmf_comparison/L4096_nope_s42_salient_R16,4096,16,8,O,2,0.6069409543754408,0.0027969189599429513,False
NoPE,/project/nlp-work5/hongyu-s/transformers/examples/pytorch/language-modeling/runs/attn_nmf_comparison/L4096_nope_s42_salient_R16,4096,16,9,O,11,0.802431454476367,0.0025564198191175237,False
NoPE,/project/nlp-work5/hongyu-s/transformers/examples/pytorch/language-modeling/runs/attn_nmf_comparison/L4096_nope_s42_salient_R16,4096,16,10,V,8,0.5857034627700647,0.002326378083204415,False
NoPE,/project/nlp-work5/hongyu-s/transformers/examples/pytorch/language-modeling/runs/attn_nmf_comparison/L4096_nope_s42_salient_R16,4096,16,11,O,7,0.6900879045277005,0.002407271965422278,False
NoPE,/project/nlp-work5/hongyu-s/transformers/examples/pytorch/language-modeling/runs/attn_nmf_comparison/L4096_nope_s42_salient_R16,4096,16,12,O,1,0.8948349041290391,0.002432706672192621,False
NoPE,/project/nlp-work5/hongyu-s/transformers/examples/pytorch/language-modeling/runs/attn_nmf_comparison/L4096_nope_s42_salient_R16,4096,16,13,O,14,0.7952216587580612,0.0017865441083476145,False
NoPE,/project/nlp-work5/hongyu-s/transformers/examples/pytorch/language-modeling/runs/attn_nmf_comparison/L4096_nope_s42_salient_R16,4096,16,14,O,9,0.38546217928482324,0.002439229089721759,True
NoPE,/project/nlp-work5/hongyu-s/transformers/examples/pytorch/language-modeling/runs/attn_nmf_comparison/L4096_nope_s42_salient_R16,4096,16,15,O,11,0.4018870674644168,0.002408015300305999,True
NoPE,/project/nlp-work5/hongyu-s/transformers/examples/pytorch/language-modeling/runs/attn_nmf_comparison/L2048_nope_s42_salient_R32,2048,32,0,V,16,0.4907396975031759,0.00220256431287895,False
NoPE,/project/nlp-work5/hongyu-s/transformers/examples/pytorch/language-modeling/runs/attn_nmf_comparison/L2048_nope_s42_salient_R32,2048,32,1,D,25,0.5697489167865342,0.004497389398548861,False
NoPE,/project/nlp-work5/hongyu-s/transformers/examples/pytorch/language-modeling/runs/attn_nmf_comparison/L2048_nope_s42_salient_R32,2048,32,2,V,5,0.6125360008918459,0.00267369690978826,False
NoPE,/project/nlp-work5/hongyu-s/transformers/examples/pytorch/language-modeling/runs/attn_nmf_comparison/L2048_nope_s42_salient_R32,2048,32,3,V,8,0.3397298509697529,0.0033084467858048566,True
NoPE,/project/nlp-work5/hongyu-s/transformers/examples/pytorch/language-modeling/runs/attn_nmf_comparison/L2048_nope_s42_salient_R32,2048,32,4,V,1,0.33680821550608314,0.0030578576724840704,True
NoPE,/project/nlp-work5/hongyu-s/transformers/examples/pytorch/language-modeling/runs/attn_nmf_comparison/L2048_nope_s42_salient_R32,2048,32,5,V,1,0.462879943173356,0.00261735974297467,False
NoPE,/project/nlp-work5/hongyu-s/transformers/examples/pytorch/language-modeling/runs/attn_nmf_comparison/L2048_nope_s42_salient_R32,2048,32,6,V,8,0.23337913039843838,0.002067138859933332,True
NoPE,/project/nlp-work5/hongyu-s/transformers/examples/pytorch/language-modeling/runs/attn_nmf_comparison/L2048_nope_s42_salient_R32,2048,32,7,O,18,0.5563987695488164,0.002273961200157591,False
NoPE,/project/nlp-work5/hongyu-s/transformers/examples/pytorch/language-modeling/runs/attn_nmf_comparison/L2048_nope_s42_salient_R32,2048,32,8,O,28,0.5244555662417602,0.0026354499425881132,False
NoPE,/project/nlp-work5/hongyu-s/transformers/examples/pytorch/language-modeling/runs/attn_nmf_comparison/L2048_nope_s42_salient_R32,2048,32,9,O,17,0.6003781655784065,0.0016948520541862975,False
NoPE,/project/nlp-work5/hongyu-s/transformers/examples/pytorch/language-modeling/runs/attn_nmf_comparison/L2048_nope_s42_salient_R32,2048,32,10,O,30,0.49551064242112186,0.0018439192055918912,False
NoPE,/project/nlp-work5/hongyu-s/transformers/examples/pytorch/language-modeling/runs/attn_nmf_comparison/L2048_nope_s42_salient_R32,2048,32,11,V,8,0.5508147080178325,0.0010888925650129626,False
NoPE,/project/nlp-work5/hongyu-s/transformers/examples/pytorch/language-modeling/runs/attn_nmf_comparison/L2048_nope_s42_salient_R32,2048,32,12,O,30,0.44454994311250456,0.0016019993418123868,True
NoPE,/project/nlp-work5/hongyu-s/transformers/examples/pytorch/language-modeling/runs/attn_nmf_comparison/L2048_nope_s42_salient_R32,2048,32,13,V,3,0.45195094644161193,0.002310622927599108,False
NoPE,/project/nlp-work5/hongyu-s/transformers/examples/pytorch/language-modeling/runs/attn_nmf_comparison/L2048_nope_s42_salient_R32,2048,32,14,O,31,0.5572882678608809,0.001070474221256619,False
NoPE,/project/nlp-work5/hongyu-s/transformers/examples/pytorch/language-modeling/runs/attn_nmf_comparison/L2048_nope_s42_salient_R32,2048,32,15,O,29,0.5766497456554036,0.0024437216480544064,False
NoPE,/project/nlp-work5/hongyu-s/transformers/examples/pytorch/language-modeling/runs/attn_nmf_comparison/L2048_nope_s42_salient_R32,2048,32,16,O,7,0.5864622084388453,0.0017063659894157842,False
NoPE,/project/nlp-work5/hongyu-s/transformers/examples/pytorch/language-modeling/runs/attn_nmf_comparison/L2048_nope_s42_salient_R32,2048,32,17,O,15,0.6172851653498141,0.0019594618800017195,False
NoPE,/project/nlp-work5/hongyu-s/transformers/examples/pytorch/language-modeling/runs/attn_nmf_comparison/L2048_nope_s42_salient_R32,2048,32,18,O,21,0.49879667210457,0.0017499738173137264,False
NoPE,/project/nlp-work5/hongyu-s/transformers/examples/pytorch/language-modeling/runs/attn_nmf_comparison/L2048_nope_s42_salient_R32,2048,32,19,V,12,0.5622501084154037,0.001838436273295135,False
NoPE,/project/nlp-work5/hongyu-s/transformers/examples/pytorch/language-modeling/runs/attn_nmf_comparison/L2048_nope_s42_salient_R32,2048,32,20,D,25,0.5778435414434651,0.0015356223801729465,False
NoPE,/project/nlp-work5/hongyu-s/transformers/examples/pytorch/language-modeling/runs/attn_nmf_comparison/L2048_nope_s42_salient_R32,2048,32,21,O,20,0.5636629354861578,0.0017141949424352948,False
NoPE,/project/nlp-work5/hongyu-s/transformers/examples/pytorch/language-modeling/runs/attn_nmf_comparison/L2048_nope_s42_salient_R32,2048,32,22,V,22,0.4857431254964987,0.0023646035376514896,False
NoPE,/project/nlp-work5/hongyu-s/transformers/examples/pytorch/language-modeling/runs/attn_nmf_comparison/L2048_nope_s42_salient_R32,2048,32,23,O,26,0.6260758546113292,0.0018036940838757054,False
NoPE,/project/nlp-work5/hongyu-s/transformers/examples/pytorch/language-modeling/runs/attn_nmf_comparison/L2048_nope_s42_salient_R32,2048,32,24,V,1,0.4151860904877013,0.0014207591153112611,True
NoPE,/project/nlp-work5/hongyu-s/transformers/examples/pytorch/language-modeling/runs/attn_nmf_comparison/L2048_nope_s42_salient_R32,2048,32,25,O,21,0.5728869523881721,0.0017053837551627281,False
NoPE,/project/nlp-work5/hongyu-s/transformers/examples/pytorch/language-modeling/runs/attn_nmf_comparison/L2048_nope_s42_salient_R32,2048,32,26,O,14,0.5741930924503261,0.0019413695364550894,False
NoPE,/project/nlp-work5/hongyu-s/transformers/examples/pytorch/language-modeling/runs/attn_nmf_comparison/L2048_nope_s42_salient_R32,2048,32,27,O,2,0.5739945613818505,0.001723749618641411,False
NoPE,/project/nlp-work5/hongyu-s/transformers/examples/pytorch/language-modeling/runs/attn_nmf_comparison/L2048_nope_s42_salient_R32,2048,32,28,O,29,0.44028002507359787,0.002041039038937053,True
NoPE,/project/nlp-work5/hongyu-s/transformers/examples/pytorch/language-modeling/runs/attn_nmf_comparison/L2048_nope_s42_salient_R32,2048,32,29,V,12,0.3795319427430601,0.001859276622489811,True
NoPE,/project/nlp-work5/hongyu-s/transformers/examples/pytorch/language-modeling/runs/attn_nmf_comparison/L2048_nope_s42_salient_R32,2048,32,30,O,15,0.31034384236839185,0.0016534053445141457,True
NoPE,/project/nlp-work5/hongyu-s/transformers/examples/pytorch/language-modeling/runs/attn_nmf_comparison/L2048_nope_s42_salient_R32,2048,32,31,O,19,0.5291998933114437,0.0017221450822100968,False
NoPE,/project/nlp-work5/hongyu-s/transformers/examples/pytorch/language-modeling/runs/attn_nmf_comparison/L4096_nope_s42_salient_R32,4096,32,0,V,5,0.5711488493870649,0.0034749192166040168,False
NoPE,/project/nlp-work5/hongyu-s/transformers/examples/pytorch/language-modeling/runs/attn_nmf_comparison/L4096_nope_s42_salient_R32,4096,32,1,D,0,0.5730677160603216,0.00465686271698182,False
NoPE,/project/nlp-work5/hongyu-s/transformers/examples/pytorch/language-modeling/runs/attn_nmf_comparison/L4096_nope_s42_salient_R32,4096,32,2,V,8,0.45252135533728693,0.00330250124575892,False
NoPE,/project/nlp-work5/hongyu-s/transformers/examples/pytorch/language-modeling/runs/attn_nmf_comparison/L4096_nope_s42_salient_R32,4096,32,3,O,18,0.5990247011007473,0.0032082875150890467,False
NoPE,/project/nlp-work5/hongyu-s/transformers/examples/pytorch/language-modeling/runs/attn_nmf_comparison/L4096_nope_s42_salient_R32,4096,32,4,V,1,0.5663431386085293,0.003915006877181118,False
NoPE,/project/nlp-work5/hongyu-s/transformers/examples/pytorch/language-modeling/runs/attn_nmf_comparison/L4096_nope_s42_salient_R32,4096,32,5,V,16,0.5595419420666149,0.0030358023785030516,False
NoPE,/project/nlp-work5/hongyu-s/transformers/examples/pytorch/language-modeling/runs/attn_nmf_comparison/L4096_nope_s42_salient_R32,4096,32,6,V,8,0.45741084756025585,0.0022474430536806107,False
NoPE,/project/nlp-work5/hongyu-s/transformers/examples/pytorch/language-modeling/runs/attn_nmf_comparison/L4096_nope_s42_salient_R32,4096,32,7,V,4,0.5413498613158029,0.0022119117789501886,False
NoPE,/project/nlp-work5/hongyu-s/transformers/examples/pytorch/language-modeling/runs/attn_nmf_comparison/L4096_nope_s42_salient_R32,4096,32,8,O,14,0.4850712716560299,0.0021266679691964697,False
NoPE,/project/nlp-work5/hongyu-s/transformers/examples/pytorch/language-modeling/runs/attn_nmf_comparison/L4096_nope_s42_salient_R32,4096,32,9,O,30,0.4867312434022889,0.003103371754830167,False
NoPE,/project/nlp-work5/hongyu-s/transformers/examples/pytorch/language-modeling/runs/attn_nmf_comparison/L4096_nope_s42_salient_R32,4096,32,10,V,3,0.5533582996605495,0.002079416958466235,False
NoPE,/project/nlp-work5/hongyu-s/transformers/examples/pytorch/language-modeling/runs/attn_nmf_comparison/L4096_nope_s42_salient_R32,4096,32,11,O,17,0.6415062607278599,0.0016083132786456151,False
NoPE,/project/nlp-work5/hongyu-s/transformers/examples/pytorch/language-modeling/runs/attn_nmf_comparison/L4096_nope_s42_salient_R32,4096,32,12,O,21,0.6710178745527322,0.0022100154521835693,False
NoPE,/project/nlp-work5/hongyu-s/transformers/examples/pytorch/language-modeling/runs/attn_nmf_comparison/L4096_nope_s42_salient_R32,4096,32,13,V,12,0.4403221794120616,0.0015107861327493153,True
NoPE,/project/nlp-work5/hongyu-s/transformers/examples/pytorch/language-modeling/runs/attn_nmf_comparison/L4096_nope_s42_salient_R32,4096,32,14,V,27,0.5442847794276847,0.0012834594328709863,False
NoPE,/project/nlp-work5/hongyu-s/transformers/examples/pytorch/language-modeling/runs/attn_nmf_comparison/L4096_nope_s42_salient_R32,4096,32,15,O,24,0.2829580627490426,0.001021893572096126,True
NoPE,/project/nlp-work5/hongyu-s/transformers/examples/pytorch/language-modeling/runs/attn_nmf_comparison/L4096_nope_s42_salient_R32,4096,32,16,V,1,0.34422528534634156,0.0016814307464423392,True
NoPE,/project/nlp-work5/hongyu-s/transformers/examples/pytorch/language-modeling/runs/attn_nmf_comparison/L4096_nope_s42_salient_R32,4096,32,17,O,7,0.25230360125596635,0.0013447788583463211,True
NoPE,/project/nlp-work5/hongyu-s/transformers/examples/pytorch/language-modeling/runs/attn_nmf_comparison/L4096_nope_s42_salient_R32,4096,32,18,O,31,0.5768107419951183,0.0028022421962357945,False
NoPE,/project/nlp-work5/hongyu-s/transformers/examples/pytorch/language-modeling/runs/attn_nmf_comparison/L4096_nope_s42_salient_R32,4096,32,19,O,28,0.5395479850655902,0.001538649456510623,False
NoPE,/project/nlp-work5/hongyu-s/transformers/examples/pytorch/language-modeling/runs/attn_nmf_comparison/L4096_nope_s42_salient_R32,4096,32,20,V,22,0.5777543033786987,0.0011255095826869443,False
NoPE,/project/nlp-work5/hongyu-s/transformers/examples/pytorch/language-modeling/runs/attn_nmf_comparison/L4096_nope_s42_salient_R32,4096,32,21,O,2,0.5594788862102822,0.001133213554764095,False
NoPE,/project/nlp-work5/hongyu-s/transformers/examples/pytorch/language-modeling/runs/attn_nmf_comparison/L4096_nope_s42_salient_R32,4096,32,22,O,15,0.6127525310977414,0.0016470953249079576,False
NoPE,/project/nlp-work5/hongyu-s/transformers/examples/pytorch/language-modeling/runs/attn_nmf_comparison/L4096_nope_s42_salient_R32,4096,32,23,O,19,0.5855023182771677,0.0010215873201990394,False
NoPE,/project/nlp-work5/hongyu-s/transformers/examples/pytorch/language-modeling/runs/attn_nmf_comparison/L4096_nope_s42_salient_R32,4096,32,24,O,7,0.5197773785155613,0.0013355909482868828,False
NoPE,/project/nlp-work5/hongyu-s/transformers/examples/pytorch/language-modeling/runs/attn_nmf_comparison/L4096_nope_s42_salient_R32,4096,32,25,O,26,0.33194827728843274,0.001384884640524291,True
NoPE,/project/nlp-work5/hongyu-s/transformers/examples/pytorch/language-modeling/runs/attn_nmf_comparison/L4096_nope_s42_salient_R32,4096,32,26,V,10,0.5014231761919596,0.002275319587900368,False
NoPE,/project/nlp-work5/hongyu-s/transformers/examples/pytorch/language-modeling/runs/attn_nmf_comparison/L4096_nope_s42_salient_R32,4096,32,27,O,9,0.38332399381361804,0.0014047565158590203,True
NoPE,/project/nlp-work5/hongyu-s/transformers/examples/pytorch/language-modeling/runs/attn_nmf_comparison/L4096_nope_s42_salient_R32,4096,32,28,V,1,0.5126689599879497,0.0022705343947101277,False
NoPE,/project/nlp-work5/hongyu-s/transformers/examples/pytorch/language-modeling/runs/attn_nmf_comparison/L4096_nope_s42_salient_R32,4096,32,29,O,6,0.5566884153837626,0.001804275474504805,False
NoPE,/project/nlp-work5/hongyu-s/transformers/examples/pytorch/language-modeling/runs/attn_nmf_comparison/L4096_nope_s42_salient_R32,4096,32,30,V,12,0.35976946485860384,0.0016443207960128348,True
NoPE,/project/nlp-work5/hongyu-s/transformers/examples/pytorch/language-modeling/runs/attn_nmf_comparison/L4096_nope_s42_salient_R32,4096,32,31,O,29,0.5010849223422822,0.001030805365898391,False
Rotary,/project/nlp-work5/hongyu-s/transformers/examples/pytorch/language-modeling/runs/attn_nmf_comparison/L2048_rotary_s42_salient_R16,2048,16,0,O,14,0.3266684497041322,0.0036144538164956607,True
Rotary,/project/nlp-work5/hongyu-s/transformers/examples/pytorch/language-modeling/runs/attn_nmf_comparison/L2048_rotary_s42_salient_R16,2048,16,1,O,9,0.5145948269727917,0.00387964600002834,False
Rotary,/project/nlp-work5/hongyu-s/transformers/examples/pytorch/language-modeling/runs/attn_nmf_comparison/L2048_rotary_s42_salient_R16,2048,16,2,O,14,0.4768099222017931,0.0030036885738606816,False
Rotary,/project/nlp-work5/hongyu-s/transformers/examples/pytorch/language-modeling/runs/attn_nmf_comparison/L2048_rotary_s42_salient_R16,2048,16,3,D,3,0.7848996582766937,0.002773462274884473,False
Rotary,/project/nlp-work5/hongyu-s/transformers/examples/pytorch/language-modeling/runs/attn_nmf_comparison/L2048_rotary_s42_salient_R16,2048,16,4,V,5,0.35073818522587435,0.002865300630107078,True
Rotary,/project/nlp-work5/hongyu-s/transformers/examples/pytorch/language-modeling/runs/attn_nmf_comparison/L2048_rotary_s42_salient_R16,2048,16,5,O,2,0.2970359658828519,0.002901323575720901,True
Rotary,/project/nlp-work5/hongyu-s/transformers/examples/pytorch/language-modeling/runs/attn_nmf_comparison/L2048_rotary_s42_salient_R16,2048,16,6,V,9,0.30049265162486755,0.0031136761284982347,True
Rotary,/project/nlp-work5/hongyu-s/transformers/examples/pytorch/language-modeling/runs/attn_nmf_comparison/L2048_rotary_s42_salient_R16,2048,16,7,D,15,0.6328070252215894,0.0016095032407463035,False
Rotary,/project/nlp-work5/hongyu-s/transformers/examples/pytorch/language-modeling/runs/attn_nmf_comparison/L2048_rotary_s42_salient_R16,2048,16,8,O,3,0.30587463779958524,0.002818013655954715,True
Rotary,/project/nlp-work5/hongyu-s/transformers/examples/pytorch/language-modeling/runs/attn_nmf_comparison/L2048_rotary_s42_salient_R16,2048,16,9,O,14,0.36637337608055653,0.0023075921089025066,True
Rotary,/project/nlp-work5/hongyu-s/transformers/examples/pytorch/language-modeling/runs/attn_nmf_comparison/L2048_rotary_s42_salient_R16,2048,16,10,O,14,0.35430499428319506,0.0025108943784802207,True
Rotary,/project/nlp-work5/hongyu-s/transformers/examples/pytorch/language-modeling/runs/attn_nmf_comparison/L2048_rotary_s42_salient_R16,2048,16,11,V,9,0.5985192160690211,0.002068710737662198,False
Rotary,/project/nlp-work5/hongyu-s/transformers/examples/pytorch/language-modeling/runs/attn_nmf_comparison/L2048_rotary_s42_salient_R16,2048,16,12,V,9,0.36604463643442964,0.003658415419147711,True
Rotary,/project/nlp-work5/hongyu-s/transformers/examples/pytorch/language-modeling/runs/attn_nmf_comparison/L2048_rotary_s42_salient_R16,2048,16,13,O,2,0.3629276069272791,0.0018904436632672785,True
Rotary,/project/nlp-work5/hongyu-s/transformers/examples/pytorch/language-modeling/runs/attn_nmf_comparison/L2048_rotary_s42_salient_R16,2048,16,14,D,2,0.2051350664444265,0.002624753929574758,True
Rotary,/project/nlp-work5/hongyu-s/transformers/examples/pytorch/language-modeling/runs/attn_nmf_comparison/L2048_rotary_s42_salient_R16,2048,16,15,O,14,0.4535317528334507,0.003595398312845464,False
Rotary,/project/nlp-work5/hongyu-s/transformers/examples/pytorch/language-modeling/runs/attn_nmf_comparison/L4096_rotary_s42_salient_R16,4096,16,0,O,2,0.3030546526622773,0.0031519386267742297,True
Rotary,/project/nlp-work5/hongyu-s/transformers/examples/pytorch/language-modeling/runs/attn_nmf_comparison/L4096_rotary_s42_salient_R16,4096,16,1,O,14,0.24197701127204513,0.004096662127641055,True
Rotary,/project/nlp-work5/hongyu-s/transformers/examples/pytorch/language-modeling/runs/attn_nmf_comparison/L4096_rotary_s42_salient_R16,4096,16,2,O,2,0.29425543728557946,0.0028879921179850183,True
Rotary,/project/nlp-work5/hongyu-s/transformers/examples/pytorch/language-modeling/runs/attn_nmf_comparison/L4096_rotary_s42_salient_R16,4096,16,3,O,2,0.27794763606192513,0.002699762134349347,True
Rotary,/project/nlp-work5/hongyu-s/transformers/examples/pytorch/language-modeling/runs/attn_nmf_comparison/L4096_rotary_s42_salient_R16,4096,16,4,D,3,0.5690820020229798,0.0023769996387586743,False
Rotary,/project/nlp-work5/hongyu-s/transformers/examples/pytorch/language-modeling/runs/attn_nmf_comparison/L4096_rotary_s42_salient_R16,4096,16,5,O,14,0.3986520525115293,0.002491147517807456,True
Rotary,/project/nlp-work5/hongyu-s/transformers/examples/pytorch/language-modeling/runs/attn_nmf_comparison/L4096_rotary_s42_salient_R16,4096,16,6,V,9,0.4949435366388939,0.0034258316591785527,False
Rotary,/project/nlp-work5/hongyu-s/transformers/examples/pytorch/language-modeling/runs/attn_nmf_comparison/L4096_rotary_s42_salient_R16,4096,16,7,O,14,0.4292807541336721,0.0033031560010357767,True
Rotary,/project/nlp-work5/hongyu-s/transformers/examples/pytorch/language-modeling/runs/attn_nmf_comparison/L4096_rotary_s42_salient_R16,4096,16,8,O,2,0.3110384158699454,0.003200276332199602,True
Rotary,/project/nlp-work5/hongyu-s/transformers/examples/pytorch/language-modeling/runs/attn_nmf_comparison/L4096_rotary_s42_salient_R16,4096,16,9,D,0,0.6571324152593299,0.0013754761993947343,False
Rotary,/project/nlp-work5/hongyu-s/transformers/examples/pytorch/language-modeling/runs/attn_nmf_comparison/L4096_rotary_s42_salient_R16,4096,16,10,O,14,0.303633079837093,0.002299024496275308,True
Rotary,/project/nlp-work5/hongyu-s/transformers/examples/pytorch/language-modeling/runs/attn_nmf_comparison/L4096_rotary_s42_salient_R16,4096,16,11,O,2,0.3461323417626515,0.003484983323826063,True
Rotary,/project/nlp-work5/hongyu-s/transformers/examples/pytorch/language-modeling/runs/attn_nmf_comparison/L4096_rotary_s42_salient_R16,4096,16,12,O,2,0.21385982564263722,0.0020995415145315614,True
Rotary,/project/nlp-work5/hongyu-s/transformers/examples/pytorch/language-modeling/runs/attn_nmf_comparison/L4096_rotary_s42_salient_R16,4096,16,13,O,2,0.3624463138618429,0.0030977740256795034,True
Rotary,/project/nlp-work5/hongyu-s/transformers/examples/pytorch/language-modeling/runs/attn_nmf_comparison/L4096_rotary_s42_salient_R16,4096,16,14,V,9,0.5170090136710559,0.0016270713731538677,False
Rotary,/project/nlp-work5/hongyu-s/transformers/examples/pytorch/language-modeling/runs/attn_nmf_comparison/L4096_rotary_s42_salient_R16,4096,16,15,O,14,0.2588504498967888,0.0027962576174107925,True
Rotary,/project/nlp-work5/hongyu-s/transformers/examples/pytorch/language-modeling/runs/attn_nmf_comparison/L2048_rotary_s42_salient_R32,2048,32,0,O,22,0.3453168814682738,0.0019210737016505024,True
Rotary,/project/nlp-work5/hongyu-s/transformers/examples/pytorch/language-modeling/runs/attn_nmf_comparison/L2048_rotary_s42_salient_R32,2048,32,1,V,20,0.5716546847027587,0.002240397462415397,False
Rotary,/project/nlp-work5/hongyu-s/transformers/examples/pytorch/language-modeling/runs/attn_nmf_comparison/L2048_rotary_s42_salient_R32,2048,32,2,O,9,0.5977019221032949,0.002496148617003189,False
Rotary,/project/nlp-work5/hongyu-s/transformers/examples/pytorch/language-modeling/runs/attn_nmf_comparison/L2048_rotary_s42_salient_R32,2048,32,3,D,25,0.7274856324432868,0.002185687435155867,False
Rotary,/project/nlp-work5/hongyu-s/transformers/examples/pytorch/language-modeling/runs/attn_nmf_comparison/L2048_rotary_s42_salient_R32,2048,32,4,O,24,0.47191541562560824,0.0013180467933054827,False
Rotary,/project/nlp-work5/hongyu-s/transformers/examples/pytorch/language-modeling/runs/attn_nmf_comparison/L2048_rotary_s42_salient_R32,2048,32,5,O,18,0.46362065242566974,0.0022913201208530757,False
Rotary,/project/nlp-work5/hongyu-s/transformers/examples/pytorch/language-modeling/runs/attn_nmf_comparison/L2048_rotary_s42_salient_R32,2048,32,6,O,20,0.4532613697853053,0.0029903911422638294,False
Rotary,/project/nlp-work5/hongyu-s/transformers/examples/pytorch/language-modeling/runs/attn_nmf_comparison/L2048_rotary_s42_salient_R32,2048,32,7,D,25,0.7881204177613053,0.0016904711087160627,False
Rotary,/project/nlp-work5/hongyu-s/transformers/examples/pytorch/language-modeling/runs/attn_nmf_comparison/L2048_rotary_s42_salient_R32,2048,32,8,D,3,0.4980320095999814,0.0014039246411889177,False
Rotary,/project/nlp-work5/hongyu-s/transformers/examples/pytorch/language-modeling/runs/attn_nmf_comparison/L2048_rotary_s42_salient_R32,2048,32,9,O,22,0.3465377511480601,0.0030176375445010862,True
Rotary,/project/nlp-work5/hongyu-s/transformers/examples/pytorch/language-modeling/runs/attn_nmf_comparison/L2048_rotary_s42_salient_R32,2048,32,10,O,18,0.66899493598745,0.002029793695768455,False
Rotary,/project/nlp-work5/hongyu-s/transformers/examples/pytorch/language-modeling/runs/attn_nmf_comparison/L2048_rotary_s42_salient_R32,2048,32,11,V,5,0.36611745731343187,0.0018628573220869763,True
Rotary,/project/nlp-work5/hongyu-s/transformers/examples/pytorch/language-modeling/runs/attn_nmf_comparison/L2048_rotary_s42_salient_R32,2048,32,12,V,9,0.33828295941015873,0.003419650830703813,True
Rotary,/project/nlp-work5/hongyu-s/transformers/examples/pytorch/language-modeling/runs/attn_nmf_comparison/L2048_rotary_s42_salient_R32,2048,32,13,O,22,0.3591324909914839,0.0037061523464474236,True
Rotary,/project/nlp-work5/hongyu-s/transformers/examples/pytorch/language-modeling/runs/attn_nmf_comparison/L2048_rotary_s42_salient_R32,2048,32,14,O,9,0.585866880250721,0.0022434575346908995,False
Rotary,/project/nlp-work5/hongyu-s/transformers/examples/pytorch/language-modeling/runs/attn_nmf_comparison/L2048_rotary_s42_salient_R32,2048,32,15,O,9,0.3721009052449019,0.003168722240936161,True
Rotary,/project/nlp-work5/hongyu-s/transformers/examples/pytorch/language-modeling/runs/attn_nmf_comparison/L2048_rotary_s42_salient_R32,2048,32,16,D,22,0.4073516106074014,0.002020551484162922,True
Rotary,/project/nlp-work5/hongyu-s/transformers/examples/pytorch/language-modeling/runs/attn_nmf_comparison/L2048_rotary_s42_salient_R32,2048,32,17,V,9,0.40084217004680367,0.0011625485608623067,True
Rotary,/project/nlp-work5/hongyu-s/transformers/examples/pytorch/language-modeling/runs/attn_nmf_comparison/L2048_rotary_s42_salient_R32,2048,32,18,O,22,0.4626394792921652,0.0007152860779564444,False
Rotary,/project/nlp-work5/hongyu-s/transformers/examples/pytorch/language-modeling/runs/attn_nmf_comparison/L2048_rotary_s42_salient_R32,2048,32,19,O,18,0.3483792034441996,0.001869759162695396,True
Rotary,/project/nlp-work5/hongyu-s/transformers/examples/pytorch/language-modeling/runs/attn_nmf_comparison/L2048_rotary_s42_salient_R32,2048,32,20,O,9,0.4193956769230133,0.0036985008012196375,True
Rotary,/project/nlp-work5/hongyu-s/transformers/examples/pytorch/language-modeling/runs/attn_nmf_comparison/L2048_rotary_s42_salient_R32,2048,32,21,O,22,0.31810802164943686,0.000938387516305064,True
Rotary,/project/nlp-work5/hongyu-s/transformers/examples/pytorch/language-modeling/runs/attn_nmf_comparison/L2048_rotary_s42_salient_R32,2048,32,22,O,20,0.2925385327564273,0.0013929204291099337,True
Rotary,/project/nlp-work5/hongyu-s/transformers/examples/pytorch/language-modeling/runs/attn_nmf_comparison/L2048_rotary_s42_salient_R32,2048,32,23,V,5,0.4801734147930562,0.0024102288884984367,False
Rotary,/project/nlp-work5/hongyu-s/transformers/examples/pytorch/language-modeling/runs/attn_nmf_comparison/L2048_rotary_s42_salient_R32,2048,32,24,O,9,0.2500034594940037,0.0017930766953795304,True
Rotary,/project/nlp-work5/hongyu-s/transformers/examples/pytorch/language-modeling/runs/attn_nmf_comparison/L2048_rotary_s42_salient_R32,2048,32,25,D,25,0.4052579205049911,0.0010874252533081357,True
Rotary,/project/nlp-work5/hongyu-s/transformers/examples/pytorch/language-modeling/runs/attn_nmf_comparison/L2048_rotary_s42_salient_R32,2048,32,26,O,18,0.37912867704278197,0.0019323812847633173,True
Rotary,/project/nlp-work5/hongyu-s/transformers/examples/pytorch/language-modeling/runs/attn_nmf_comparison/L2048_rotary_s42_salient_R32,2048,32,27,D,25,0.22900311925893851,0.0033937410493876364,True
Rotary,/project/nlp-work5/hongyu-s/transformers/examples/pytorch/language-modeling/runs/attn_nmf_comparison/L2048_rotary_s42_salient_R32,2048,32,28,O,22,0.3810345199125812,0.0022504747620085913,True
Rotary,/project/nlp-work5/hongyu-s/transformers/examples/pytorch/language-modeling/runs/attn_nmf_comparison/L2048_rotary_s42_salient_R32,2048,32,29,O,20,0.6487941483547182,0.002412671269662425,False
Rotary,/project/nlp-work5/hongyu-s/transformers/examples/pytorch/language-modeling/runs/attn_nmf_comparison/L2048_rotary_s42_salient_R32,2048,32,30,O,9,0.3001847447846492,0.0008761122320076629,True
Rotary,/project/nlp-work5/hongyu-s/transformers/examples/pytorch/language-modeling/runs/attn_nmf_comparison/L2048_rotary_s42_salient_R32,2048,32,31,D,2,0.5115260359598462,0.0006295803943224243,False
Rotary,/project/nlp-work5/hongyu-s/transformers/examples/pytorch/language-modeling/runs/attn_nmf_comparison/L4096_rotary_s42_salient_R32,4096,32,0,O,22,0.2597224158402798,0.002084592075702337,True
Rotary,/project/nlp-work5/hongyu-s/transformers/examples/pytorch/language-modeling/runs/attn_nmf_comparison/L4096_rotary_s42_salient_R32,4096,32,1,O,24,0.32018676439980426,0.0026200420904369617,True
Rotary,/project/nlp-work5/hongyu-s/transformers/examples/pytorch/language-modeling/runs/attn_nmf_comparison/L4096_rotary_s42_salient_R32,4096,32,2,O,22,0.2750424741624058,0.00246073686877528,True
Rotary,/project/nlp-work5/hongyu-s/transformers/examples/pytorch/language-modeling/runs/attn_nmf_comparison/L4096_rotary_s42_salient_R32,4096,32,3,O,18,0.3925502534371615,0.0012741722620919897,True
Rotary,/project/nlp-work5/hongyu-s/transformers/examples/pytorch/language-modeling/runs/attn_nmf_comparison/L4096_rotary_s42_salient_R32,4096,32,4,D,25,0.6007073945906324,0.0025518396759954477,False
Rotary,/project/nlp-work5/hongyu-s/transformers/examples/pytorch/language-modeling/runs/attn_nmf_comparison/L4096_rotary_s42_salient_R32,4096,32,5,V,5,0.44708561943752756,0.0016754336966901878,True
Rotary,/project/nlp-work5/hongyu-s/transformers/examples/pytorch/language-modeling/runs/attn_nmf_comparison/L4096_rotary_s42_salient_R32,4096,32,6,O,5,0.40846353598138696,0.0030940149393472224,True
Rotary,/project/nlp-work5/hongyu-s/transformers/examples/pytorch/language-modeling/runs/attn_nmf_comparison/L4096_rotary_s42_salient_R32,4096,32,7,O,9,0.2860195206678023,0.0015218715317913557,True
Rotary,/project/nlp-work5/hongyu-s/transformers/examples/pytorch/language-modeling/runs/attn_nmf_comparison/L4096_rotary_s42_salient_R32,4096,32,8,O,2,0.3684581563325654,0.0033960639794662407,True
Rotary,/project/nlp-work5/hongyu-s/transformers/examples/pytorch/language-modeling/runs/attn_nmf_comparison/L4096_rotary_s42_salient_R32,4096,32,9,D,25,0.654951505406965,0.0012051686201925804,False
Rotary,/project/nlp-work5/hongyu-s/transformers/examples/pytorch/language-modeling/runs/attn_nmf_comparison/L4096_rotary_s42_salient_R32,4096,32,10,O,18,0.5060861655561906,0.0034970275062421053,False
Rotary,/project/nlp-work5/hongyu-s/transformers/examples/pytorch/language-modeling/runs/attn_nmf_comparison/L4096_rotary_s42_salient_R32,4096,32,11,O,2,0.21215415299127124,0.0017135198942960983,True
Rotary,/project/nlp-work5/hongyu-s/transformers/examples/pytorch/language-modeling/runs/attn_nmf_comparison/L4096_rotary_s42_salient_R32,4096,32,12,O,22,0.22775570382407181,0.001872022891049983,True
Rotary,/project/nlp-work5/hongyu-s/transformers/examples/pytorch/language-modeling/runs/attn_nmf_comparison/L4096_rotary_s42_salient_R32,4096,32,13,O,22,0.4161927122666899,0.002299529686630532,True
Rotary,/project/nlp-work5/hongyu-s/transformers/examples/pytorch/language-modeling/runs/attn_nmf_comparison/L4096_rotary_s42_salient_R32,4096,32,14,O,20,0.47678308334859165,0.0021808590381299058,False
Rotary,/project/nlp-work5/hongyu-s/transformers/examples/pytorch/language-modeling/runs/attn_nmf_comparison/L4096_rotary_s42_salient_R32,4096,32,15,O,20,0.24389291695750756,0.0018987713295119787,True
Rotary,/project/nlp-work5/hongyu-s/transformers/examples/pytorch/language-modeling/runs/attn_nmf_comparison/L4096_rotary_s42_salient_R32,4096,32,16,O,2,0.24126727321475272,0.00286093239000991,True
Rotary,/project/nlp-work5/hongyu-s/transformers/examples/pytorch/language-modeling/runs/attn_nmf_comparison/L4096_rotary_s42_salient_R32,4096,32,17,O,20,0.49086586220953693,0.0014843384240709806,False
Rotary,/project/nlp-work5/hongyu-s/transformers/examples/pytorch/language-modeling/runs/attn_nmf_comparison/L4096_rotary_s42_salient_R32,4096,32,18,O,22,0.3503328766800965,0.0020287277820871057,True
Rotary,/project/nlp-work5/hongyu-s/transformers/examples/pytorch/language-modeling/runs/attn_nmf_comparison/L4096_rotary_s42_salient_R32,4096,32,19,O,18,0.3384416660500042,0.0013375737658318106,True
Rotary,/project/nlp-work5/hongyu-s/transformers/examples/pytorch/language-modeling/runs/attn_nmf_comparison/L4096_rotary_s42_salient_R32,4096,32,20,O,22,0.1596786775773837,0.004513434415320966,True
Rotary,/project/nlp-work5/hongyu-s/transformers/examples/pytorch/language-modeling/runs/attn_nmf_comparison/L4096_rotary_s42_salient_R32,4096,32,21,D,2,0.3580831442337429,0.0008678291475581427,True
Rotary,/project/nlp-work5/hongyu-s/transformers/examples/pytorch/language-modeling/runs/attn_nmf_comparison/L4096_rotary_s42_salient_R32,4096,32,22,O,9,0.459275449137694,0.0027103504320697643,False
Rotary,/project/nlp-work5/hongyu-s/transformers/examples/pytorch/language-modeling/runs/attn_nmf_comparison/L4096_rotary_s42_salient_R32,4096,32,23,O,9,0.29197504484216796,0.0014590127850782587,True
Rotary,/project/nlp-work5/hongyu-s/transformers/examples/pytorch/language-modeling/runs/attn_nmf_comparison/L4096_rotary_s42_salient_R32,4096,32,24,O,22,0.3396010307037473,0.0023796527766232994,True
Rotary,/project/nlp-work5/hongyu-s/transformers/examples/pytorch/language-modeling/runs/attn_nmf_comparison/L4096_rotary_s42_salient_R32,4096,32,25,O,18,0.6322653566771504,0.0015456676932082145,False
Rotary,/project/nlp-work5/hongyu-s/transformers/examples/pytorch/language-modeling/runs/attn_nmf_comparison/L4096_rotary_s42_salient_R32,4096,32,26,O,9,0.5411203257346888,0.0020908333036391883,False
Rotary,/project/nlp-work5/hongyu-s/transformers/examples/pytorch/language-modeling/runs/attn_nmf_comparison/L4096_rotary_s42_salient_R32,4096,32,27,O,22,0.3918737594443513,0.0020648304544695862,True
Rotary,/project/nlp-work5/hongyu-s/transformers/examples/pytorch/language-modeling/runs/attn_nmf_comparison/L4096_rotary_s42_salient_R32,4096,32,28,O,9,0.2800057768560371,0.0012955824390482266,True
Rotary,/project/nlp-work5/hongyu-s/transformers/examples/pytorch/language-modeling/runs/attn_nmf_comparison/L4096_rotary_s42_salient_R32,4096,32,29,O,9,0.24746302569713619,0.002511701709888487,True
Rotary,/project/nlp-work5/hongyu-s/transformers/examples/pytorch/language-modeling/runs/attn_nmf_comparison/L4096_rotary_s42_salient_R32,4096,32,30,O,2,0.3557972142540758,0.009008283607556523,True
Rotary,/project/nlp-work5/hongyu-s/transformers/examples/pytorch/language-modeling/runs/attn_nmf_comparison/L4096_rotary_s42_salient_R32,4096,32,31,O,9,0.40017900428342523,0.001157979770973109,True
